Feature,Importance
hsa-miR-22-3p,0.013661256
hsa-miR-339-5p,0.013571854
hsa-miR-519c-5p,0.013261235
hsa-miR-3675-5p,0.0130504975
hsa-miR-202-3p,0.012426113
hsa-miR-328-5p,0.012253273
hsa-miR-550a-3-5p,0.011605974
hsa-miR-505-5p,0.010674863
hsa-miR-7-5p,0.009523711
hsa-miR-223-3p,0.009506385
