Feature,Importance
hsa-miR-6842-3p,0.01461388
hsa-miR-548ab,0.013568167
hsa-miR-580-3p,0.012842029
hsa-miR-4661-5p,0.012809915
hsa-miR-215-5p,0.012456758
hsa-miR-379-3p,0.012049191
hsa-miR-6779-5p,0.01171971
hsa-miR-4298,0.011548259
hsa-miR-3187-3p,0.010918846
hsa-miR-7113-5p,0.009535802
