Feature,Importance
hsa-miR-22-3p,0.013824207
hsa-miR-519c-5p,0.013419414
hsa-miR-5006-5p,0.012586623
hsa-miR-202-3p,0.01257433
hsa-miR-3154,0.011889377
hsa-miR-1303,0.011631749
hsa-miR-505-5p,0.010802192
hsa-miR-4259,0.010736652
hsa-miR-1250-5p,0.010686188
hsa-miR-6805-5p,0.009019617
