Feature,Importance
hsa-miR-654-5p,0.005277267862119096
hsa-miR-4433b-3p,0.00452390781243469
hsa-miR-574-5p,0.004389711592743124
hsa-miR-146a-3p,0.0038525135819920263
hsa-miR-92a-3p,0.003787189921435995
hsa-miR-424-3p,0.0037438788942938494
hsa-miR-552-3p,0.003645379907938156
hsa-miR-941,0.0035250364319489177
hsa-miR-199b-3p,0.0034627437227931503
hsa-let-7i-5p,0.0034134609055308657
