,precision,recall,f1-score,support
0,0.5025906735751295,0.9326923076923077,0.6531986531986532,104.0
1,0.65,0.11926605504587157,0.20155038759689922,109.0
accuracy,0.5164319248826291,0.5164319248826291,0.5164319248826291,0.5164319248826291
macro avg,0.5762953367875647,0.5259791813690896,0.42737452039777624,213.0
weighted avg,0.5780254932010023,0.5164319248826291,0.42207348441653497,213.0
