Feature,Importance
hsa-miR-23a-5p,0.006046276649775874
hsa-miR-432-5p,0.005823740348467883
hsa-miR-501-3p,0.0054998364633145145
hsa-miR-654-5p,0.00457574293652217
hsa-miR-4463,0.0045264187039035465
hsa-let-7d-3p,0.004497339255468354
hsa-miR-584-5p,0.004456205842814532
hsa-miR-26a-5p,0.00432308942327116
hsa-miR-339-5p,0.004234126660681928
hsa-miR-3177-3p,0.004075577287282165
