Feature,Importance
hsa-miR-651-5p,0.006760020092770461
hsa-miR-1307-3p,0.0065457197871327324
hsa-miR-320d,0.005941130492243041
hsa-miR-204-5p,0.004698520760132502
hsa-miR-10401-3p,0.004436952737653091
hsa-miR-320a-3p,0.004409533737818284
hsa-miR-500a-3p,0.004401715163246394
hsa-miR-659-5p,0.004174460652953339
hsa-miR-3177-3p,0.004167841787646621
hsa-miR-150-3p,0.004155558651493236
