Feature;Importance
hsa-miR-193b-5p;0.006198962950732837
hsa-miR-150-3p;0.005134929730102129
hsa-miR-432-5p;0.004915824066096018
hsa-miR-27a-3p;0.004846652569662099
hsa-miR-552-3p;0.0043817573260739725
hsa-miR-28-3p;0.00427399787402165
hsa-miR-203a-3p;0.004235437046742553
hsa-miR-23a-3p;0.004139363598544229
hsa-miR-3130-3p;0.00407680557351073
hsa-miR-320d;0.004024193718073419
