Feature,Importance
hsa-miR-193b-5p,0.004954700118654853
hsa-miR-150-3p,0.0046205408083183986
hsa-miR-654-5p,0.004382466782810419
hsa-miR-941,0.004108034145696998
hsa-miR-4463,0.004059011048415535
hsa-miR-4433b-3p,0.004047828379120464
hsa-miR-203a-3p,0.003922331559125108
hsa-miR-552-3p,0.0038462491039982926
hsa-miR-93-5p,0.0037725053376611696
hsa-miR-23a-5p,0.0037400680207709345
