,mean_test_accuracy,std_test_accuracy,mean_test_precision,std_test_precision,mean_test_recall,std_test_recall,mean_test_f1,std_test_f1
random_forest,0.4964622641509434,0.017688679245283,0.4952634290240406,0.0173649754618702,0.494956395158008,0.0169738042721913,0.4919326389932218,0.0142078110802826
xgboost,0.5330188679245282,0.0165094339622641,0.5327410805686805,0.0163414365989431,0.5324646953547725,0.0160573844173073,0.5320358990106748,0.0156582818468653
