Feature;Importance
hsa-miR-941;0.02542410902430671
hsa-miR-122-5p;0.02385038960845728
hsa-let-7b-3p;0.02238626445415794
hsa-miR-30e-3p;0.02059808616884067
hsa-miR-424-3p;0.01983643153219609
hsa-miR-3125;0.017923140926459673
hsa-miR-3124-5p;0.01718115645382604
hsa-miR-143-5p;0.01646095203438425
hsa-miR-654-5p;0.01606488332281417
hsa-miR-1258;0.015435143832196194
