Feature;Importance
hsa-miR-125b-5p;0.005159822960332972
hsa-miR-326;0.0043406248145042604
hsa-miR-486-3p;0.004221187167230813
hsa-miR-361-3p;0.004221002118572188
hsa-miR-4433b-3p;0.004116778090905669
hsa-miR-421;0.00401457866903871
hsa-miR-1290;0.0038157521142304623
hsa-miR-30a-3p;0.0035862807117396115
hsa-miR-423-5p;0.0035732894440037404
hsa-miR-128-3p;0.0035384207388301355
