,mean_test_accuracy,std_test_accuracy,mean_test_precision,std_test_precision,mean_test_recall,std_test_recall,mean_test_f1,std_test_f1
random_forest,0.4964622641509434,0.017688679245283057,0.49526342902404064,0.01736497546187024,0.49495639515800804,0.01697380427219139,0.49193263899322187,0.014207811080282629
