Feature;Importance
hsa-miR-654-5p;0.00365549728408213
hsa-miR-651-5p;0.0035053823732708405
hsa-miR-4732-5p;0.00348726507875345
hsa-miR-11400;0.0034224156556856133
hsa-miR-574-5p;0.003249121429249292
hsa-miR-223-3p;0.0031034496537588573
hsa-miR-7704;0.0029730421828579423
hsa-miR-4516;0.0028938562700961982
hsa-miR-379-5p;0.002859291021141363
hsa-miR-326;0.0028112779928244013
