Feature;Importance
hsa-miR-22-3p;0.0069217450871022065
hsa-miR-660-5p;0.006651641846451875
hsa-miR-654-5p;0.006090784527737875
hsa-miR-1294;0.005716408546434715
hsa-miR-485-5p;0.005390177491455073
hsa-miR-320d;0.005277425109024301
hsa-miR-19a-3p;0.005226804075197929
hsa-miR-625-3p;0.005126442867503726
hsa-miR-4738-3p;0.005048865496647625
hsa-miR-133a-3p;0.004940419641528692
