,mean_test_accuracy,std_test_accuracy,mean_test_precision,std_test_precision,mean_test_recall,std_test_recall,mean_test_f1,std_test_f1
xgboost,0.5330188679245282,0.016509433962264175,0.5327410805686805,0.016341436598943104,0.5324646953547725,0.016057384417307308,0.5320358990106748,0.015658281846865352
