,precision,recall,f1-score,support
0,0.5263157894736842,0.7692307692307693,0.625,104.0
1,0.6065573770491803,0.3394495412844037,0.43529411764705883,109.0
accuracy,0.5492957746478874,0.5492957746478874,0.5492957746478874,0.5492957746478874
macro avg,0.5664365832614322,0.5543401552575865,0.5301470588235294,213.0
weighted avg,0.5673783859325061,0.5492957746478874,0.527920463960232,213.0
